ligand,best_affinity_kcal_per_mol,out_pdbqt,log_path,success
ligand_100,-9.905,vina_docking_output/ligand_100_out.pdbqt,vina_docking_output/ligand_100.log,True
ligand_1019,-9.102,vina_docking_output/ligand_1019_out.pdbqt,vina_docking_output/ligand_1019.log,True
ligand_1020,-8.452,vina_docking_output/ligand_1020_out.pdbqt,vina_docking_output/ligand_1020.log,True
ligand_1023,-8.547,vina_docking_output/ligand_1023_out.pdbqt,vina_docking_output/ligand_1023.log,True
ligand_1027,-9.323,vina_docking_output/ligand_1027_out.pdbqt,vina_docking_output/ligand_1027.log,True
ligand_1035,-9.696,vina_docking_output/ligand_1035_out.pdbqt,vina_docking_output/ligand_1035.log,True
ligand_1046,-9.304,vina_docking_output/ligand_1046_out.pdbqt,vina_docking_output/ligand_1046.log,True
ligand_1049,-8.947,vina_docking_output/ligand_1049_out.pdbqt,vina_docking_output/ligand_1049.log,True
ligand_1051,-9.038,vina_docking_output/ligand_1051_out.pdbqt,vina_docking_output/ligand_1051.log,True
ligand_1053,-8.979,vina_docking_output/ligand_1053_out.pdbqt,vina_docking_output/ligand_1053.log,True
ligand_106,-9.846,vina_docking_output/ligand_106_out.pdbqt,vina_docking_output/ligand_106.log,True
ligand_1069,-9.155,vina_docking_output/ligand_1069_out.pdbqt,vina_docking_output/ligand_1069.log,True
ligand_108,-9.383,vina_docking_output/ligand_108_out.pdbqt,vina_docking_output/ligand_108.log,True
ligand_1088,-8.388,vina_docking_output/ligand_1088_out.pdbqt,vina_docking_output/ligand_1088.log,True
ligand_110,-8.554,vina_docking_output/ligand_110_out.pdbqt,vina_docking_output/ligand_110.log,True
ligand_1103,-9.055,vina_docking_output/ligand_1103_out.pdbqt,vina_docking_output/ligand_1103.log,True
ligand_1104,-10.29,vina_docking_output/ligand_1104_out.pdbqt,vina_docking_output/ligand_1104.log,True
ligand_1110,-9.575,vina_docking_output/ligand_1110_out.pdbqt,vina_docking_output/ligand_1110.log,True
ligand_1116,-8.769,vina_docking_output/ligand_1116_out.pdbqt,vina_docking_output/ligand_1116.log,True
ligand_1119,-9.371,vina_docking_output/ligand_1119_out.pdbqt,vina_docking_output/ligand_1119.log,True
ligand_1146,-9.263,vina_docking_output/ligand_1146_out.pdbqt,vina_docking_output/ligand_1146.log,True
ligand_1147,-9.004,vina_docking_output/ligand_1147_out.pdbqt,vina_docking_output/ligand_1147.log,True
ligand_115,-9.059,vina_docking_output/ligand_115_out.pdbqt,vina_docking_output/ligand_115.log,True
ligand_1150,-10.76,vina_docking_output/ligand_1150_out.pdbqt,vina_docking_output/ligand_1150.log,True
ligand_116,-9.027,vina_docking_output/ligand_116_out.pdbqt,vina_docking_output/ligand_116.log,True
ligand_1163,-8.792,vina_docking_output/ligand_1163_out.pdbqt,vina_docking_output/ligand_1163.log,True
ligand_1165,-8.806,vina_docking_output/ligand_1165_out.pdbqt,vina_docking_output/ligand_1165.log,True
ligand_1169,-9.02,vina_docking_output/ligand_1169_out.pdbqt,vina_docking_output/ligand_1169.log,True
ligand_1173,-9.568,vina_docking_output/ligand_1173_out.pdbqt,vina_docking_output/ligand_1173.log,True
ligand_1175,-9.939,vina_docking_output/ligand_1175_out.pdbqt,vina_docking_output/ligand_1175.log,True
ligand_1177,-9.468,vina_docking_output/ligand_1177_out.pdbqt,vina_docking_output/ligand_1177.log,True
ligand_1178,-8.613,vina_docking_output/ligand_1178_out.pdbqt,vina_docking_output/ligand_1178.log,True
ligand_118,-9.403,vina_docking_output/ligand_118_out.pdbqt,vina_docking_output/ligand_118.log,True
ligand_1181,-9.244,vina_docking_output/ligand_1181_out.pdbqt,vina_docking_output/ligand_1181.log,True
ligand_1182,-9.189,vina_docking_output/ligand_1182_out.pdbqt,vina_docking_output/ligand_1182.log,True
ligand_1192,-9.552,vina_docking_output/ligand_1192_out.pdbqt,vina_docking_output/ligand_1192.log,True
ligand_1193,-9.759,vina_docking_output/ligand_1193_out.pdbqt,vina_docking_output/ligand_1193.log,True
ligand_1194,-10.36,vina_docking_output/ligand_1194_out.pdbqt,vina_docking_output/ligand_1194.log,True
ligand_1197,-8.702,vina_docking_output/ligand_1197_out.pdbqt,vina_docking_output/ligand_1197.log,True
ligand_120,-8.693,vina_docking_output/ligand_120_out.pdbqt,vina_docking_output/ligand_120.log,True
ligand_1203,-9.492,vina_docking_output/ligand_1203_out.pdbqt,vina_docking_output/ligand_1203.log,True
ligand_1206,-9.148,vina_docking_output/ligand_1206_out.pdbqt,vina_docking_output/ligand_1206.log,True
ligand_1211,-7.79,vina_docking_output/ligand_1211_out.pdbqt,vina_docking_output/ligand_1211.log,True
ligand_1213,-9.237,vina_docking_output/ligand_1213_out.pdbqt,vina_docking_output/ligand_1213.log,True
ligand_1214,-8.892,vina_docking_output/ligand_1214_out.pdbqt,vina_docking_output/ligand_1214.log,True
ligand_1217,-9.127,vina_docking_output/ligand_1217_out.pdbqt,vina_docking_output/ligand_1217.log,True
ligand_1231,-9.265,vina_docking_output/ligand_1231_out.pdbqt,vina_docking_output/ligand_1231.log,True
ligand_1233,-8.185,vina_docking_output/ligand_1233_out.pdbqt,vina_docking_output/ligand_1233.log,True
ligand_1235,-8.87,vina_docking_output/ligand_1235_out.pdbqt,vina_docking_output/ligand_1235.log,True
ligand_1244,-9.8,vina_docking_output/ligand_1244_out.pdbqt,vina_docking_output/ligand_1244.log,True
ligand_1247,-8.693,vina_docking_output/ligand_1247_out.pdbqt,vina_docking_output/ligand_1247.log,True
ligand_1261,-9.254,vina_docking_output/ligand_1261_out.pdbqt,vina_docking_output/ligand_1261.log,True
ligand_1270,-9.895,vina_docking_output/ligand_1270_out.pdbqt,vina_docking_output/ligand_1270.log,True
ligand_1283,-8.981,vina_docking_output/ligand_1283_out.pdbqt,vina_docking_output/ligand_1283.log,True
ligand_1295,-9.524,vina_docking_output/ligand_1295_out.pdbqt,vina_docking_output/ligand_1295.log,True
ligand_1313,-9.552,vina_docking_output/ligand_1313_out.pdbqt,vina_docking_output/ligand_1313.log,True
ligand_1323,-8.919,vina_docking_output/ligand_1323_out.pdbqt,vina_docking_output/ligand_1323.log,True
ligand_1333,-9.737,vina_docking_output/ligand_1333_out.pdbqt,vina_docking_output/ligand_1333.log,True
ligand_1340,-8.965,vina_docking_output/ligand_1340_out.pdbqt,vina_docking_output/ligand_1340.log,True
ligand_1350,-8.097,vina_docking_output/ligand_1350_out.pdbqt,vina_docking_output/ligand_1350.log,True
ligand_1361,-9.576,vina_docking_output/ligand_1361_out.pdbqt,vina_docking_output/ligand_1361.log,True
ligand_1365,-8.902,vina_docking_output/ligand_1365_out.pdbqt,vina_docking_output/ligand_1365.log,True
ligand_1366,-8.147,vina_docking_output/ligand_1366_out.pdbqt,vina_docking_output/ligand_1366.log,True
ligand_1385,-8.971,vina_docking_output/ligand_1385_out.pdbqt,vina_docking_output/ligand_1385.log,True
ligand_1390,-9.962,vina_docking_output/ligand_1390_out.pdbqt,vina_docking_output/ligand_1390.log,True
ligand_1392,-8.951,vina_docking_output/ligand_1392_out.pdbqt,vina_docking_output/ligand_1392.log,True
ligand_1399,-9.526,vina_docking_output/ligand_1399_out.pdbqt,vina_docking_output/ligand_1399.log,True
ligand_140,-10.03,vina_docking_output/ligand_140_out.pdbqt,vina_docking_output/ligand_140.log,True
ligand_1400,-9.075,vina_docking_output/ligand_1400_out.pdbqt,vina_docking_output/ligand_1400.log,True
ligand_1407,-8.871,vina_docking_output/ligand_1407_out.pdbqt,vina_docking_output/ligand_1407.log,True
ligand_1412,-8.871,vina_docking_output/ligand_1412_out.pdbqt,vina_docking_output/ligand_1412.log,True
ligand_146,-7.842,vina_docking_output/ligand_146_out.pdbqt,vina_docking_output/ligand_146.log,True
ligand_15,-9.136,vina_docking_output/ligand_15_out.pdbqt,vina_docking_output/ligand_15.log,True
ligand_157,-8.143,vina_docking_output/ligand_157_out.pdbqt,vina_docking_output/ligand_157.log,True
ligand_161,-9.708,vina_docking_output/ligand_161_out.pdbqt,vina_docking_output/ligand_161.log,True
ligand_167,-8.634,vina_docking_output/ligand_167_out.pdbqt,vina_docking_output/ligand_167.log,True
ligand_184,-8.864,vina_docking_output/ligand_184_out.pdbqt,vina_docking_output/ligand_184.log,True
ligand_198,-8.216,vina_docking_output/ligand_198_out.pdbqt,vina_docking_output/ligand_198.log,True
ligand_202,-9.753,vina_docking_output/ligand_202_out.pdbqt,vina_docking_output/ligand_202.log,True
ligand_219,-9.204,vina_docking_output/ligand_219_out.pdbqt,vina_docking_output/ligand_219.log,True
ligand_223,-9.323,vina_docking_output/ligand_223_out.pdbqt,vina_docking_output/ligand_223.log,True
ligand_226,-9.016,vina_docking_output/ligand_226_out.pdbqt,vina_docking_output/ligand_226.log,True
ligand_234,-9.707,vina_docking_output/ligand_234_out.pdbqt,vina_docking_output/ligand_234.log,True
ligand_236,-9.31,vina_docking_output/ligand_236_out.pdbqt,vina_docking_output/ligand_236.log,True
ligand_244,-9.051,vina_docking_output/ligand_244_out.pdbqt,vina_docking_output/ligand_244.log,True
ligand_245,-9.185,vina_docking_output/ligand_245_out.pdbqt,vina_docking_output/ligand_245.log,True
ligand_246,-9.044,vina_docking_output/ligand_246_out.pdbqt,vina_docking_output/ligand_246.log,True
ligand_255,-9.241,vina_docking_output/ligand_255_out.pdbqt,vina_docking_output/ligand_255.log,True
ligand_270,-9.164,vina_docking_output/ligand_270_out.pdbqt,vina_docking_output/ligand_270.log,True
ligand_271,-8.842,vina_docking_output/ligand_271_out.pdbqt,vina_docking_output/ligand_271.log,True
ligand_272,-10.56,vina_docking_output/ligand_272_out.pdbqt,vina_docking_output/ligand_272.log,True
ligand_277,-8.748,vina_docking_output/ligand_277_out.pdbqt,vina_docking_output/ligand_277.log,True
ligand_279,-8.978,vina_docking_output/ligand_279_out.pdbqt,vina_docking_output/ligand_279.log,True
ligand_28,-9.835,vina_docking_output/ligand_28_out.pdbqt,vina_docking_output/ligand_28.log,True
ligand_280,-9.202,vina_docking_output/ligand_280_out.pdbqt,vina_docking_output/ligand_280.log,True
ligand_286,-9.425,vina_docking_output/ligand_286_out.pdbqt,vina_docking_output/ligand_286.log,True
ligand_294,-8.793,vina_docking_output/ligand_294_out.pdbqt,vina_docking_output/ligand_294.log,True
ligand_30,-9.376,vina_docking_output/ligand_30_out.pdbqt,vina_docking_output/ligand_30.log,True
ligand_302,-9.024,vina_docking_output/ligand_302_out.pdbqt,vina_docking_output/ligand_302.log,True
ligand_305,-8.78,vina_docking_output/ligand_305_out.pdbqt,vina_docking_output/ligand_305.log,True
ligand_306,-8.473,vina_docking_output/ligand_306_out.pdbqt,vina_docking_output/ligand_306.log,True
ligand_307,-9.044,vina_docking_output/ligand_307_out.pdbqt,vina_docking_output/ligand_307.log,True
ligand_308,-9.333,vina_docking_output/ligand_308_out.pdbqt,vina_docking_output/ligand_308.log,True
ligand_309,-9.338,vina_docking_output/ligand_309_out.pdbqt,vina_docking_output/ligand_309.log,True
ligand_314,-8.815,vina_docking_output/ligand_314_out.pdbqt,vina_docking_output/ligand_314.log,True
ligand_318,-7.874,vina_docking_output/ligand_318_out.pdbqt,vina_docking_output/ligand_318.log,True
ligand_320,-9.007,vina_docking_output/ligand_320_out.pdbqt,vina_docking_output/ligand_320.log,True
ligand_322,-9.414,vina_docking_output/ligand_322_out.pdbqt,vina_docking_output/ligand_322.log,True
ligand_323,-9.424,vina_docking_output/ligand_323_out.pdbqt,vina_docking_output/ligand_323.log,True
ligand_324,-9.138,vina_docking_output/ligand_324_out.pdbqt,vina_docking_output/ligand_324.log,True
ligand_328,-8.841,vina_docking_output/ligand_328_out.pdbqt,vina_docking_output/ligand_328.log,True
ligand_33,-9.619,vina_docking_output/ligand_33_out.pdbqt,vina_docking_output/ligand_33.log,True
ligand_332,-8.422,vina_docking_output/ligand_332_out.pdbqt,vina_docking_output/ligand_332.log,True
ligand_333,-9.866,vina_docking_output/ligand_333_out.pdbqt,vina_docking_output/ligand_333.log,True
ligand_334,-8.82,vina_docking_output/ligand_334_out.pdbqt,vina_docking_output/ligand_334.log,True
ligand_337,-8.62,vina_docking_output/ligand_337_out.pdbqt,vina_docking_output/ligand_337.log,True
ligand_338,-9.284,vina_docking_output/ligand_338_out.pdbqt,vina_docking_output/ligand_338.log,True
ligand_340,-8.803,vina_docking_output/ligand_340_out.pdbqt,vina_docking_output/ligand_340.log,True
ligand_344,-8.963,vina_docking_output/ligand_344_out.pdbqt,vina_docking_output/ligand_344.log,True
ligand_351,-9.33,vina_docking_output/ligand_351_out.pdbqt,vina_docking_output/ligand_351.log,True
ligand_354,-9.975,vina_docking_output/ligand_354_out.pdbqt,vina_docking_output/ligand_354.log,True
ligand_367,-9.003,vina_docking_output/ligand_367_out.pdbqt,vina_docking_output/ligand_367.log,True
ligand_371,-8.955,vina_docking_output/ligand_371_out.pdbqt,vina_docking_output/ligand_371.log,True
ligand_372,-9.864,vina_docking_output/ligand_372_out.pdbqt,vina_docking_output/ligand_372.log,True
ligand_376,-8.867,vina_docking_output/ligand_376_out.pdbqt,vina_docking_output/ligand_376.log,True
ligand_379,-9.593,vina_docking_output/ligand_379_out.pdbqt,vina_docking_output/ligand_379.log,True
ligand_387,-9.294,vina_docking_output/ligand_387_out.pdbqt,vina_docking_output/ligand_387.log,True
ligand_389,-8.698,vina_docking_output/ligand_389_out.pdbqt,vina_docking_output/ligand_389.log,True
ligand_391,-9.663,vina_docking_output/ligand_391_out.pdbqt,vina_docking_output/ligand_391.log,True
ligand_393,-9.248,vina_docking_output/ligand_393_out.pdbqt,vina_docking_output/ligand_393.log,True
ligand_397,-8.521,vina_docking_output/ligand_397_out.pdbqt,vina_docking_output/ligand_397.log,True
ligand_399,-8.778,vina_docking_output/ligand_399_out.pdbqt,vina_docking_output/ligand_399.log,True
ligand_404,-9.056,vina_docking_output/ligand_404_out.pdbqt,vina_docking_output/ligand_404.log,True
ligand_406,-8.644,vina_docking_output/ligand_406_out.pdbqt,vina_docking_output/ligand_406.log,True
ligand_408,-9.278,vina_docking_output/ligand_408_out.pdbqt,vina_docking_output/ligand_408.log,True
ligand_412,-9.194,vina_docking_output/ligand_412_out.pdbqt,vina_docking_output/ligand_412.log,True
ligand_421,-10.31,vina_docking_output/ligand_421_out.pdbqt,vina_docking_output/ligand_421.log,True
ligand_425,-8.182,vina_docking_output/ligand_425_out.pdbqt,vina_docking_output/ligand_425.log,True
ligand_426,-9.576,vina_docking_output/ligand_426_out.pdbqt,vina_docking_output/ligand_426.log,True
ligand_427,-9.516,vina_docking_output/ligand_427_out.pdbqt,vina_docking_output/ligand_427.log,True
ligand_428,-8.482,vina_docking_output/ligand_428_out.pdbqt,vina_docking_output/ligand_428.log,True
ligand_431,-8.916,vina_docking_output/ligand_431_out.pdbqt,vina_docking_output/ligand_431.log,True
ligand_435,-8.469,vina_docking_output/ligand_435_out.pdbqt,vina_docking_output/ligand_435.log,True
ligand_441,-7.997,vina_docking_output/ligand_441_out.pdbqt,vina_docking_output/ligand_441.log,True
ligand_442,-8.745,vina_docking_output/ligand_442_out.pdbqt,vina_docking_output/ligand_442.log,True
ligand_443,-9.15,vina_docking_output/ligand_443_out.pdbqt,vina_docking_output/ligand_443.log,True
ligand_445,-9.618,vina_docking_output/ligand_445_out.pdbqt,vina_docking_output/ligand_445.log,True
ligand_452,-9.554,vina_docking_output/ligand_452_out.pdbqt,vina_docking_output/ligand_452.log,True
ligand_463,-8.059,vina_docking_output/ligand_463_out.pdbqt,vina_docking_output/ligand_463.log,True
ligand_465,-9.241,vina_docking_output/ligand_465_out.pdbqt,vina_docking_output/ligand_465.log,True
ligand_470,-9.709,vina_docking_output/ligand_470_out.pdbqt,vina_docking_output/ligand_470.log,True
ligand_472,-10.38,vina_docking_output/ligand_472_out.pdbqt,vina_docking_output/ligand_472.log,True
ligand_475,-8.107,vina_docking_output/ligand_475_out.pdbqt,vina_docking_output/ligand_475.log,True
ligand_478,-9.446,vina_docking_output/ligand_478_out.pdbqt,vina_docking_output/ligand_478.log,True
ligand_479,-8.741,vina_docking_output/ligand_479_out.pdbqt,vina_docking_output/ligand_479.log,True
ligand_48,-8.963,vina_docking_output/ligand_48_out.pdbqt,vina_docking_output/ligand_48.log,True
ligand_484,-9.473,vina_docking_output/ligand_484_out.pdbqt,vina_docking_output/ligand_484.log,True
ligand_487,-8.644,vina_docking_output/ligand_487_out.pdbqt,vina_docking_output/ligand_487.log,True
ligand_494,-9.125,vina_docking_output/ligand_494_out.pdbqt,vina_docking_output/ligand_494.log,True
ligand_495,-8.965,vina_docking_output/ligand_495_out.pdbqt,vina_docking_output/ligand_495.log,True
ligand_496,-8.023,vina_docking_output/ligand_496_out.pdbqt,vina_docking_output/ligand_496.log,True
ligand_498,-8.807,vina_docking_output/ligand_498_out.pdbqt,vina_docking_output/ligand_498.log,True
ligand_5,-8.651,vina_docking_output/ligand_5_out.pdbqt,vina_docking_output/ligand_5.log,True
ligand_505,-8.687,vina_docking_output/ligand_505_out.pdbqt,vina_docking_output/ligand_505.log,True
ligand_508,-9.505,vina_docking_output/ligand_508_out.pdbqt,vina_docking_output/ligand_508.log,True
ligand_510,-8.699,vina_docking_output/ligand_510_out.pdbqt,vina_docking_output/ligand_510.log,True
ligand_512,-8.596,vina_docking_output/ligand_512_out.pdbqt,vina_docking_output/ligand_512.log,True
ligand_515,-9.715,vina_docking_output/ligand_515_out.pdbqt,vina_docking_output/ligand_515.log,True
ligand_516,-8.849,vina_docking_output/ligand_516_out.pdbqt,vina_docking_output/ligand_516.log,True
ligand_521,-9.14,vina_docking_output/ligand_521_out.pdbqt,vina_docking_output/ligand_521.log,True
ligand_523,-9.691,vina_docking_output/ligand_523_out.pdbqt,vina_docking_output/ligand_523.log,True
ligand_529,-8.288,vina_docking_output/ligand_529_out.pdbqt,vina_docking_output/ligand_529.log,True
ligand_530,-9.202,vina_docking_output/ligand_530_out.pdbqt,vina_docking_output/ligand_530.log,True
ligand_543,-8.608,vina_docking_output/ligand_543_out.pdbqt,vina_docking_output/ligand_543.log,True
ligand_546,-8.246,vina_docking_output/ligand_546_out.pdbqt,vina_docking_output/ligand_546.log,True
ligand_556,-8.817,vina_docking_output/ligand_556_out.pdbqt,vina_docking_output/ligand_556.log,True
ligand_557,-10.25,vina_docking_output/ligand_557_out.pdbqt,vina_docking_output/ligand_557.log,True
ligand_559,-8.55,vina_docking_output/ligand_559_out.pdbqt,vina_docking_output/ligand_559.log,True
ligand_563,-8.544,vina_docking_output/ligand_563_out.pdbqt,vina_docking_output/ligand_563.log,True
ligand_567,-8.757,vina_docking_output/ligand_567_out.pdbqt,vina_docking_output/ligand_567.log,True
ligand_572,-9.571,vina_docking_output/ligand_572_out.pdbqt,vina_docking_output/ligand_572.log,True
ligand_580,-8.438,vina_docking_output/ligand_580_out.pdbqt,vina_docking_output/ligand_580.log,True
ligand_586,-9.724,vina_docking_output/ligand_586_out.pdbqt,vina_docking_output/ligand_586.log,True
ligand_593,-8.472,vina_docking_output/ligand_593_out.pdbqt,vina_docking_output/ligand_593.log,True
ligand_595,-9.354,vina_docking_output/ligand_595_out.pdbqt,vina_docking_output/ligand_595.log,True
ligand_599,-8.707,vina_docking_output/ligand_599_out.pdbqt,vina_docking_output/ligand_599.log,True
ligand_600,-9.34,vina_docking_output/ligand_600_out.pdbqt,vina_docking_output/ligand_600.log,True
ligand_602,-9.338,vina_docking_output/ligand_602_out.pdbqt,vina_docking_output/ligand_602.log,True
ligand_605,-9.614,vina_docking_output/ligand_605_out.pdbqt,vina_docking_output/ligand_605.log,True
ligand_607,-8.787,vina_docking_output/ligand_607_out.pdbqt,vina_docking_output/ligand_607.log,True
ligand_611,-9.238,vina_docking_output/ligand_611_out.pdbqt,vina_docking_output/ligand_611.log,True
ligand_62,-8.637,vina_docking_output/ligand_62_out.pdbqt,vina_docking_output/ligand_62.log,True
ligand_621,-9.026,vina_docking_output/ligand_621_out.pdbqt,vina_docking_output/ligand_621.log,True
ligand_623,-9.559,vina_docking_output/ligand_623_out.pdbqt,vina_docking_output/ligand_623.log,True
ligand_625,-10.7,vina_docking_output/ligand_625_out.pdbqt,vina_docking_output/ligand_625.log,True
ligand_627,-10.12,vina_docking_output/ligand_627_out.pdbqt,vina_docking_output/ligand_627.log,True
ligand_628,-9.528,vina_docking_output/ligand_628_out.pdbqt,vina_docking_output/ligand_628.log,True
ligand_631,-8.932,vina_docking_output/ligand_631_out.pdbqt,vina_docking_output/ligand_631.log,True
ligand_632,-9.415,vina_docking_output/ligand_632_out.pdbqt,vina_docking_output/ligand_632.log,True
ligand_633,-9.194,vina_docking_output/ligand_633_out.pdbqt,vina_docking_output/ligand_633.log,True
ligand_636,-8.183,vina_docking_output/ligand_636_out.pdbqt,vina_docking_output/ligand_636.log,True
ligand_638,-9.245,vina_docking_output/ligand_638_out.pdbqt,vina_docking_output/ligand_638.log,True
ligand_643,-8.928,vina_docking_output/ligand_643_out.pdbqt,vina_docking_output/ligand_643.log,True
ligand_644,-8.81,vina_docking_output/ligand_644_out.pdbqt,vina_docking_output/ligand_644.log,True
ligand_645,-8.875,vina_docking_output/ligand_645_out.pdbqt,vina_docking_output/ligand_645.log,True
ligand_647,-9.432,vina_docking_output/ligand_647_out.pdbqt,vina_docking_output/ligand_647.log,True
ligand_650,-8.994,vina_docking_output/ligand_650_out.pdbqt,vina_docking_output/ligand_650.log,True
ligand_656,-8.761,vina_docking_output/ligand_656_out.pdbqt,vina_docking_output/ligand_656.log,True
ligand_657,-8.036,vina_docking_output/ligand_657_out.pdbqt,vina_docking_output/ligand_657.log,True
ligand_660,-9.089,vina_docking_output/ligand_660_out.pdbqt,vina_docking_output/ligand_660.log,True
ligand_663,-8.885,vina_docking_output/ligand_663_out.pdbqt,vina_docking_output/ligand_663.log,True
ligand_668,-8.573,vina_docking_output/ligand_668_out.pdbqt,vina_docking_output/ligand_668.log,True
ligand_671,-8.386,vina_docking_output/ligand_671_out.pdbqt,vina_docking_output/ligand_671.log,True
ligand_672,-9.367,vina_docking_output/ligand_672_out.pdbqt,vina_docking_output/ligand_672.log,True
ligand_673,-8.863,vina_docking_output/ligand_673_out.pdbqt,vina_docking_output/ligand_673.log,True
ligand_678,-9.726,vina_docking_output/ligand_678_out.pdbqt,vina_docking_output/ligand_678.log,True
ligand_679,-9.238,vina_docking_output/ligand_679_out.pdbqt,vina_docking_output/ligand_679.log,True
ligand_680,-8.966,vina_docking_output/ligand_680_out.pdbqt,vina_docking_output/ligand_680.log,True
ligand_685,-9.348,vina_docking_output/ligand_685_out.pdbqt,vina_docking_output/ligand_685.log,True
ligand_689,-8.436,vina_docking_output/ligand_689_out.pdbqt,vina_docking_output/ligand_689.log,True
ligand_692,-9.824,vina_docking_output/ligand_692_out.pdbqt,vina_docking_output/ligand_692.log,True
ligand_693,-9.053,vina_docking_output/ligand_693_out.pdbqt,vina_docking_output/ligand_693.log,True
ligand_696,-7.488,vina_docking_output/ligand_696_out.pdbqt,vina_docking_output/ligand_696.log,True
ligand_697,-8.726,vina_docking_output/ligand_697_out.pdbqt,vina_docking_output/ligand_697.log,True
ligand_698,-9.143,vina_docking_output/ligand_698_out.pdbqt,vina_docking_output/ligand_698.log,True
ligand_704,-9.33,vina_docking_output/ligand_704_out.pdbqt,vina_docking_output/ligand_704.log,True
ligand_707,-8.551,vina_docking_output/ligand_707_out.pdbqt,vina_docking_output/ligand_707.log,True
ligand_709,-9.283,vina_docking_output/ligand_709_out.pdbqt,vina_docking_output/ligand_709.log,True
ligand_713,-9.865,vina_docking_output/ligand_713_out.pdbqt,vina_docking_output/ligand_713.log,True
ligand_717,-9.27,vina_docking_output/ligand_717_out.pdbqt,vina_docking_output/ligand_717.log,True
ligand_720,-8.377,vina_docking_output/ligand_720_out.pdbqt,vina_docking_output/ligand_720.log,True
ligand_721,-8.108,vina_docking_output/ligand_721_out.pdbqt,vina_docking_output/ligand_721.log,True
ligand_723,-9.157,vina_docking_output/ligand_723_out.pdbqt,vina_docking_output/ligand_723.log,True
ligand_727,-8.221,vina_docking_output/ligand_727_out.pdbqt,vina_docking_output/ligand_727.log,True
ligand_728,-8.847,vina_docking_output/ligand_728_out.pdbqt,vina_docking_output/ligand_728.log,True
ligand_732,-8.963,vina_docking_output/ligand_732_out.pdbqt,vina_docking_output/ligand_732.log,True
ligand_733,-9.03,vina_docking_output/ligand_733_out.pdbqt,vina_docking_output/ligand_733.log,True
ligand_735,-9.582,vina_docking_output/ligand_735_out.pdbqt,vina_docking_output/ligand_735.log,True
ligand_738,-8.709,vina_docking_output/ligand_738_out.pdbqt,vina_docking_output/ligand_738.log,True
ligand_739,-8.727,vina_docking_output/ligand_739_out.pdbqt,vina_docking_output/ligand_739.log,True
ligand_74,-9.984,vina_docking_output/ligand_74_out.pdbqt,vina_docking_output/ligand_74.log,True
ligand_744,-8.674,vina_docking_output/ligand_744_out.pdbqt,vina_docking_output/ligand_744.log,True
ligand_745,-8.662,vina_docking_output/ligand_745_out.pdbqt,vina_docking_output/ligand_745.log,True
ligand_747,-8.873,vina_docking_output/ligand_747_out.pdbqt,vina_docking_output/ligand_747.log,True
ligand_750,-9.153,vina_docking_output/ligand_750_out.pdbqt,vina_docking_output/ligand_750.log,True
ligand_756,-9.759,vina_docking_output/ligand_756_out.pdbqt,vina_docking_output/ligand_756.log,True
ligand_757,-9.076,vina_docking_output/ligand_757_out.pdbqt,vina_docking_output/ligand_757.log,True
ligand_762,-8.936,vina_docking_output/ligand_762_out.pdbqt,vina_docking_output/ligand_762.log,True
ligand_765,-8.8,vina_docking_output/ligand_765_out.pdbqt,vina_docking_output/ligand_765.log,True
ligand_768,-8.832,vina_docking_output/ligand_768_out.pdbqt,vina_docking_output/ligand_768.log,True
ligand_775,-9.265,vina_docking_output/ligand_775_out.pdbqt,vina_docking_output/ligand_775.log,True
ligand_778,-8.904,vina_docking_output/ligand_778_out.pdbqt,vina_docking_output/ligand_778.log,True
ligand_781,-8.692,vina_docking_output/ligand_781_out.pdbqt,vina_docking_output/ligand_781.log,True
ligand_783,-8.85,vina_docking_output/ligand_783_out.pdbqt,vina_docking_output/ligand_783.log,True
ligand_785,-9.499,vina_docking_output/ligand_785_out.pdbqt,vina_docking_output/ligand_785.log,True
ligand_788,-8.799,vina_docking_output/ligand_788_out.pdbqt,vina_docking_output/ligand_788.log,True
ligand_789,-9.723,vina_docking_output/ligand_789_out.pdbqt,vina_docking_output/ligand_789.log,True
ligand_790,-8.202,vina_docking_output/ligand_790_out.pdbqt,vina_docking_output/ligand_790.log,True
ligand_795,-9.445,vina_docking_output/ligand_795_out.pdbqt,vina_docking_output/ligand_795.log,True
ligand_796,-8.328,vina_docking_output/ligand_796_out.pdbqt,vina_docking_output/ligand_796.log,True
ligand_799,-8.644,vina_docking_output/ligand_799_out.pdbqt,vina_docking_output/ligand_799.log,True
ligand_801,-8.434,vina_docking_output/ligand_801_out.pdbqt,vina_docking_output/ligand_801.log,True
ligand_802,-9.405,vina_docking_output/ligand_802_out.pdbqt,vina_docking_output/ligand_802.log,True
ligand_803,-8.93,vina_docking_output/ligand_803_out.pdbqt,vina_docking_output/ligand_803.log,True
ligand_804,-9.231,vina_docking_output/ligand_804_out.pdbqt,vina_docking_output/ligand_804.log,True
ligand_811,-9.63,vina_docking_output/ligand_811_out.pdbqt,vina_docking_output/ligand_811.log,True
ligand_814,-8.509,vina_docking_output/ligand_814_out.pdbqt,vina_docking_output/ligand_814.log,True
ligand_817,-8.87,vina_docking_output/ligand_817_out.pdbqt,vina_docking_output/ligand_817.log,True
ligand_819,-8.636,vina_docking_output/ligand_819_out.pdbqt,vina_docking_output/ligand_819.log,True
ligand_826,-8.964,vina_docking_output/ligand_826_out.pdbqt,vina_docking_output/ligand_826.log,True
ligand_827,-8.821,vina_docking_output/ligand_827_out.pdbqt,vina_docking_output/ligand_827.log,True
ligand_834,-8.831,vina_docking_output/ligand_834_out.pdbqt,vina_docking_output/ligand_834.log,True
ligand_835,-10.14,vina_docking_output/ligand_835_out.pdbqt,vina_docking_output/ligand_835.log,True
ligand_838,-9.041,vina_docking_output/ligand_838_out.pdbqt,vina_docking_output/ligand_838.log,True
ligand_845,-9.637,vina_docking_output/ligand_845_out.pdbqt,vina_docking_output/ligand_845.log,True
ligand_851,-8.714,vina_docking_output/ligand_851_out.pdbqt,vina_docking_output/ligand_851.log,True
ligand_853,-8.901,vina_docking_output/ligand_853_out.pdbqt,vina_docking_output/ligand_853.log,True
ligand_854,-8.807,vina_docking_output/ligand_854_out.pdbqt,vina_docking_output/ligand_854.log,True
ligand_857,-7.791,vina_docking_output/ligand_857_out.pdbqt,vina_docking_output/ligand_857.log,True
ligand_862,-9.513,vina_docking_output/ligand_862_out.pdbqt,vina_docking_output/ligand_862.log,True
ligand_87,-9.083,vina_docking_output/ligand_87_out.pdbqt,vina_docking_output/ligand_87.log,True
ligand_876,-8.769,vina_docking_output/ligand_876_out.pdbqt,vina_docking_output/ligand_876.log,True
ligand_885,-9.014,vina_docking_output/ligand_885_out.pdbqt,vina_docking_output/ligand_885.log,True
ligand_89,-9.194,vina_docking_output/ligand_89_out.pdbqt,vina_docking_output/ligand_89.log,True
ligand_892,-9.836,vina_docking_output/ligand_892_out.pdbqt,vina_docking_output/ligand_892.log,True
ligand_904,-9.59,vina_docking_output/ligand_904_out.pdbqt,vina_docking_output/ligand_904.log,True
ligand_910,-8.76,vina_docking_output/ligand_910_out.pdbqt,vina_docking_output/ligand_910.log,True
ligand_911,-8.88,vina_docking_output/ligand_911_out.pdbqt,vina_docking_output/ligand_911.log,True
ligand_918,-9.475,vina_docking_output/ligand_918_out.pdbqt,vina_docking_output/ligand_918.log,True
ligand_919,-8.948,vina_docking_output/ligand_919_out.pdbqt,vina_docking_output/ligand_919.log,True
ligand_920,-9.426,vina_docking_output/ligand_920_out.pdbqt,vina_docking_output/ligand_920.log,True
ligand_925,-8.952,vina_docking_output/ligand_925_out.pdbqt,vina_docking_output/ligand_925.log,True
ligand_94,-9.089,vina_docking_output/ligand_94_out.pdbqt,vina_docking_output/ligand_94.log,True
ligand_941,-9.374,vina_docking_output/ligand_941_out.pdbqt,vina_docking_output/ligand_941.log,True
ligand_95,-8.439,vina_docking_output/ligand_95_out.pdbqt,vina_docking_output/ligand_95.log,True
ligand_967,-9.09,vina_docking_output/ligand_967_out.pdbqt,vina_docking_output/ligand_967.log,True
ligand_98,-9.123,vina_docking_output/ligand_98_out.pdbqt,vina_docking_output/ligand_98.log,True
ligand_981,-9.781,vina_docking_output/ligand_981_out.pdbqt,vina_docking_output/ligand_981.log,True
ligand_987,-8.904,vina_docking_output/ligand_987_out.pdbqt,vina_docking_output/ligand_987.log,True
ligand_99,-9.256,vina_docking_output/ligand_99_out.pdbqt,vina_docking_output/ligand_99.log,True
